키워드,언론사,기사명,날짜,URL
경향신문,코로나19 확진자 오후 6시까지 1579명...전날보다 90명 적어,2021-09-30,https://www.khan.co.kr/national/national-general/article/202109301951001,코로나 확진자
KBS,군 코로나19 확진자 11명 늘어,2021-09-30,https://news.kbs.co.kr/news/view.do?ncd=5290608&ref=A,코로나 확진자
부산일보,경남에서 코로나19 확진자 36명 추가…도내 하루 41명 감염,2021-09-30,http://www.busan.com/view/busan/view.php?code=2021093013311842396,코로나 확진자
조선비즈,"美, 3개월 만에 코로나 사망자 감소 전망… 확진자 2주 넘게 하락세",2021-10-01,https://biz.chosun.com/international/international_general/2021/10/01/ANU3R42GBRH3ZDRJZOQIVENFR4/?utm_source=naver&utm_medium=original&utm_campaign=biz,코로나 확진자
뉴시스,백신 접종 완료 60% 日 오늘부터 위드코로나…성공 여부 주목,2021-10-01,http://www.newsis.com/view/?id=NISX20210930_0001599392&cID=10101&pID=10100,코로나 확진자
파이낸셜뉴스,"정부, 국산 코로나19 백신·치료제 지원에 내년 5265억원 투입",2021-09-30,http://www.fnnews.com/news/202109301346050028,코로나 확진자
이데일리,생산·소비·투자까지 파고든 코로나…`위드코로나`가 처방될까,A3면 TOP,http://www.edaily.co.kr/news/newspath.asp?newsid=03411206629185368,코로나 확진자
경향신문,[속보]오후 9시까지 코로나 신규 확진 2302명...역대 7번째로 큰 규모,2021-09-30,https://www.khan.co.kr/national/national-general/article/202109302219001,코로나 확진자
한국경제,[속보] 코로나19 신규 확진 2564명…일주일째 '요일 최다',2021-09-30,https://www.hankyung.com/society/article/2021093057677,코로나 확진자
국제뉴스,"[속보]양주 코로나 확진자 16명 추가, 감염경로 공개",11분 전,http://www.gukjenews.com/news/articleView.html?idxno=2319487,코로나 확진자
뉴시스,"'위드 코로나' 대비 나선 서울시…""재택치료 지원 확대""(종합)",2021-09-30,http://www.newsis.com/view/?id=NISX20210930_0001598723&cID=10201&pID=10200,코로나 확진자
MBN,"신규 확진자 2,500명대 예상…오늘 새 거리두기 발표",2021-10-01,http://www.mbn.co.kr/pages/news/newsView.php?news_seq_no=4607061,코로나 확진자
국제뉴스,"[속보]포천 코로나 확진자 15명 추가, 타시군 11명",17분 전,http://www.gukjenews.com/news/articleView.html?idxno=2319484,코로나 확진자
뉴시스,"음성군, 코로나19 PCR검사 의무화 행정명령…외국인 중점",2021-09-30,http://www.newsis.com/view/?id=NISX20210930_0001598430&cID=10806&pID=10800,코로나 확진자
조선비즈,‘위드 코로나’ 전제조건…치료제 개발에 승부거는 국내 제약사들,2021-09-30,https://biz.chosun.com/it-science/bio-science/2021/09/30/SNQQ6SXSMNGJLAJZHYNV23RPUM/?utm_source=naver&utm_medium=original&utm_campaign=biz,코로나 확진자
부산일보,창원 16명 등 경남도내 코로나19 확진자 하루 39명,2021-09-30,http://www.busan.com/view/busan/view.php?code=2021092913421323746,코로나 확진자
KBS,군 코로나19 확진자 11명 늘어,2021-09-30,https://news.kbs.co.kr/news/view.do?ncd=5290608&ref=A,코로나 확진자
뉴시스,코로나19 신규확진자 수 2564명,2021-09-30,http://www.newsis.com/view/?id=NISI20210930_0018000497,코로나 확진자
동아일보,4차유행 확진자 72%가 백신 미접종자,A12면 1단,https://www.donga.com/news/article/all/20210930/109481973/1,코로나 확진자
시사매거진,[속보] 파주 코로나 확진자 19명 증가,22분 전,http://www.sisamagazine.co.kr/news/articleView.html?idxno=404844,코로나 확진자
이데일리,"확진자 2564명, '요일 최다' 1주일째…거리두기 '2주 재연장' 전망(종합)",2021-09-30,http://www.edaily.co.kr/news/newspath.asp?newsid=01767926629185368,코로나 확진자
뉴시스,"제주, 9명 추가 확진…주간 하루평균 확진자 9.57명",2021-09-30,http://www.newsis.com/view/?id=NISX20210930_0001599403&cID=10813&pID=10800,코로나 확진자
MBC,"코로나19 신규확진 2,564명‥일주일째 '요일 최다'",2021-09-30,https://imnews.imbc.com/news/2021/society/article/6303937_34873.html,코로나 확진자
경향신문,"코로나19 신규 확진 2564명···1차접종 76%, 접종완료 49%",2021-09-30,https://www.khan.co.kr/national/health-welfare/article/202109300941001,코로나 확진자
뉴스1,"정읍시, 코로나19로 2년 연속 ‘구절초 꽃축제’ 전면 취소",2021-09-30,https://www.news1.kr/articles/?4448468,코로나 확진자
경향신문,오늘 신규 확진자 2500명 넘을 듯… 현행 거리두기 단계 2주 연장 검토,2021-10-01,https://www.khan.co.kr/national/health-welfare/article/202110010710001,코로나 확진자
KBS,서울구치소·남부구치소 코로나19 확진자 발생,2021-09-30,https://news.kbs.co.kr/news/view.do?ncd=5290805&ref=A,코로나 확진자
헬스조선,코로나 신규 확진 2564명… 일주일째 요일 최다 기록,2021-09-30,https://health.chosun.com/site/data/html_dir/2021/09/30/2021093000743.html,코로나 확진자
이코노미스트,[이주의 바이오키워드] #위드코로나 #백신패스,2021-09-30,https://economist.co.kr/2021/09/30/it/general/20210930182255039.html,코로나 확진자
한국일보,"[속보] 신규 확진자 2,564명... 전국 확산세 이어가",2021-09-30,https://hankookilbo.com/News/Read/A2021093009300002280?did=NA,코로나 확진자
뉴스1,태백시 거리두기 3단계 격상…누적 확진자 120명 넘어,2021-09-30,https://www.news1.kr/articles/?4448800,코로나 확진자
경향신문,코로나19 신규 확진자 2885명···역대 두번째 최다 규모,2021-09-30,https://www.khan.co.kr/national/national-general/article/202109290938001,코로나 확진자
뉴시스,제주도민 47.6% 백신접종 완료…누적 확진자 2875명 유지,2021-09-30,http://www.newsis.com/view/?id=NISX20210930_0001598637&cID=10813&pID=10800,코로나 확진자
이데일리,[속보]신규 확진자 2885명…역대 두번째로 많아,2021-09-30,http://www.edaily.co.kr/news/newspath.asp?newsid=01735126629185040,코로나 확진자
KBS,방역 당국 “코로나19 확진자에 접종 완료자와 동일한 ‘백신 패스’ 검토”,2021-09-30,https://news.kbs.co.kr/news/view.do?ncd=5289552&ref=A,코로나 확진자
노컷뉴스,확진자 폭증에 병상대기…환자 수도권 34%·비수도권 50%↑,2021-09-30,https://www.nocutnews.co.kr/news/5631394,코로나 확진자
뉴스1,충북 오후 6시 33명 확진…60대 확진자 숨져,2021-09-30,https://www.news1.kr/articles/?4448875,코로나 확진자
세계일보,"당국 “외국인 확진자 급증, 낮은 백신 접종률 때문… 현장 찾아 접종 유도”",A10면 1단,http://www.segye.com/content/html/2021/09/29/20210929518394.html?OutUrl=naver,코로나 확진자
머니S,서울 30일 오후 6시 코로나 신규 확진 405명,2021-09-30,http://moneys.mt.co.kr/news/mwView.php?no=2021093018468098171,코로나 확진자
뉴스1,거창 초등학생 1명 코로나 확진…학교방역 비상,2021-09-30,https://www.news1.kr/articles/?4448640,코로나 확진자
강원일보,확진자 급증세지만 '위드 코로나'는 예정대로…'백신 패스' 검토,2021-09-30,http://www.kwnews.co.kr/nview.asp?aid=221092900147,코로나 확진자
한국경제,코로나 델타변이 '직격탄'…생산·소비·투자 '트리플 감소' [종합],2021-09-30,https://www.hankyung.com/economy/article/202109305709i,코로나 확진자
아시아경제,코로나19 신규 확진 2564명…1주일 연속 요일 최대치(상보),2021-09-30,https://view.asiae.co.kr/article/2021093009563856579,코로나 확진자
뉴시스,'10말11초' 단계회복 간다…확진자 마지노선은 3500명(종합),2021-09-29,http://www.newsis.com/view/?id=NISX20210928_0001595961&cID=10201&pID=10200,코로나 확진자
뉴시스,"대전, 코로나19 누적 확진자 7000명 넘어",2021-09-30,http://www.newsis.com/view/?id=NISX20210930_0001599510&cID=10807&pID=10800,코로나 확진자
뉴시스,코로나19 재택 치료 환자 4525명…서울 918명,2021-09-30,http://www.newsis.com/view/?id=NISX20210930_0001599601&cID=10201&pID=10200,코로나 확진자
KBS,"코로나19 신규 확진자 2,564명…일주일째 요일 최다",2021-09-30,https://news.kbs.co.kr/news/view.do?ncd=5290649&ref=A,코로나 확진자
노컷뉴스,"정부 ""11월 '위드 코로나' 위해 사적모임 제한기준 단순화 필요""",2021-09-30,https://www.nocutnews.co.kr/news/5632130,코로나 확진자
뉴데일리,경북 구미 17명 코로나19 확진…60명 신규발생,25분 전,http://tk.newdaily.co.kr/site/data/html/2021/10/01/2021100100012.html,코로나 확진자
조선일보,코로나 신규 확진자 2564명… 수요일 역대 최다,2021-09-30,https://www.chosun.com/national/welfare-medical/2021/09/30/UJP74C4TGVGIFO2RKX425NE77U/?utm_source=naver&utm_medium=referral&utm_campaign=naver-news,코로나 확진자
한국경제,"8월 생산·소비·투자 '트리플 감소'…홍남기 ""이달 중 위드 코로나""",A4면 1단,https://www.hankyung.com/economy/article/2021093076411,코로나 확진자
뉴시스,늘어가는 가락시장 확진자,2021-09-30,http://www.newsis.com/view/?id=NISI20210929_0017996477,코로나 확진자
뉴데일리,"경북도내, 코로나19 확진자 52명 신규발생",2021-09-30,http://tk.newdaily.co.kr/site/data/html/2021/09/30/2021093000007.html,코로나 확진자
이데일리,"[속보]신규 확진자 2564명, 또 '요일 최다' 경신…1주일째",2021-09-30,http://www.edaily.co.kr/news/newspath.asp?newsid=01708886629185368,코로나 확진자
쿠키뉴스,오후 9시까지 서울 코로나19 신규 확진자 940명,2021-09-30,http://www.kukinews.com/newsView/kuk202109300304,코로나 확진자
뉴스1,"서울바이오시스 공기청정살균기, 코로나 감염위험 낮춘다",2021-09-30,https://www.news1.kr/articles/?4447885,코로나 확진자
파이낸셜뉴스,"[종합]코로나19 2564명 ""86일째 네자릿수 확진""..접종완료율 49%",2021-09-30,http://www.fnnews.com/news/202109300932329932,코로나 확진자
조세일보,"[코로나19] 신규확진 2564명, 수요일 최다 발생…86일째 네 자릿수",2021-09-30,http://www.joseilbo.com/news/news_read.php?uid=434331&class=33&grp=,코로나 확진자
강원일보,강원도 내 29명 코로나 신규 확진,5면 1단,http://www.kwnews.co.kr/nview.asp?aid=221092900062,코로나 확진자
파이낸셜뉴스,"서울시 “최근 외국인 확진자 59% 늘어""",2021-09-30,http://www.fnnews.com/news/202109291144529138,코로나 확진자
조선비즈,"유튜브, 코로나 백신 관련 허위 정보·가짜 뉴스 ‘퇴출’",2021-09-30,https://biz.chosun.com/international/international_economy/2021/09/30/ABLXHGTD4RFBPECF3TGCYNIGQA/?utm_source=naver&utm_medium=original&utm_campaign=biz,코로나 확진자
세계일보,"미 CDC, 임신·출산 여성에 코로나 백신 접종 거듭 권고",2021-09-30,http://www.segye.com/content/html/2021/09/30/20210930504608.html?OutUrl=naver,코로나 확진자
KBS,대전·세종·충남 105명 코로나19 신규 확진,2021-09-30,https://news.kbs.co.kr/news/view.do?ncd=5290933&ref=A,코로나 확진자
KBS,"신규 확진자 2,885명…두 번째로 큰 규모",2021-09-30,https://news.kbs.co.kr/news/view.do?ncd=5289347&ref=A,코로나 확진자
YTN,일본도 규제 해제...각국 '위드 코로나'로 속속 전환,2021-10-01,https://www.ytn.co.kr/_ln/0104_202110010600276930,코로나 확진자
경향신문,베이징 동계올림픽 “중국 관중만 허용”…선수단 폐쇄관리 속 매일 코로나 검...,2021-09-30,https://www.khan.co.kr/world/china/article/202109301157021,코로나 확진자
조선비즈,"서울시, 코로나 누적 확진자 10만명 돌파",2021-09-30,https://biz.chosun.com/topics/topics_social/2021/09/29/ITNJZB6BZFCNFEU4LNZOM3TTZA/?utm_source=naver&utm_medium=original&utm_campaign=biz,코로나 확진자
아이뉴스24,코로나19 신규 확진자 2885명…역대 두번째 큰 규모,2021-09-30,http://www.inews24.com/view/1407606,코로나 확진자
서울경제,"코로나19 신규 확진자 2,564명···거리두기 재연장 전망 (종합)",2021-09-30,https://www.sedaily.com/NewsView/22RNZ734XL,코로나 확진자
매일경제,"""전국 대유행 본격화 하나""…오늘 코로나 확진자 3000명 안팎 가능성",2021-09-29,http://news.mk.co.kr/newsRead.php?no=924367&year=2021,코로나 확진자
KBS,"[코로나19 숨은 영웅]① “방역요원, 확진자 물건 수거·소독까지”",2021-09-30,https://news.kbs.co.kr/news/view.do?ncd=5291132&ref=A,코로나 확진자
파이낸셜뉴스,[종합]코로나 신규 확진자 2885명…역대 2번째 최다 규모,2021-09-30,http://www.fnnews.com/news/202109290952526775,코로나 확진자
뉴스1,코로나 전국 확산세 지속,2021-09-30,https://www.news1.kr/photos/view/?4993848,코로나 확진자
부산일보,울산 밤사이 코로나 17명 확진...확진자의 접촉자 중심,2021-09-30,http://www.busan.com/view/busan/view.php?code=2021092909214119761,코로나 확진자
조선비즈,코로나 신규확진 2885명… 역대 두번째 큰 규모,2021-09-30,https://biz.chosun.com/topics/topics_social/2021/09/29/Z7Y5VOUWYRBVPHKAL4VQAGWGE4/?utm_source=naver&utm_medium=original&utm_campaign=biz,코로나 확진자
조세일보,'위드코로나' 기대감…종합경기지수 2개월 연속 호조,2021-09-29,http://www.joseilbo.com/news/news_read.php?uid=434176&class=1&grp=,코로나 확진자
경향신문,"확진자 다시 급증…오후 6시까지 2038명, 어제보다 427명 많아",2021-09-29,https://www.khan.co.kr/national/health-welfare/article/202109281903001,코로나 확진자
YTN,"화이자, 알약 형태 코로나 치료제 2상 임상시험 개시",2021-09-28,https://www.ytn.co.kr/_ln/0104_202109280438394484,코로나 확진자
뉴스1,"위드 코로나 조건 '재택치료' 확대…방역현장 ""의료진 확보 걱정""",2021-09-29,https://www.news1.kr/articles/?4446057,코로나 확진자
뉴시스,"'10월 연휴' 확진자 증가 우려…당국 ""단풍철 모임 자제를""",2021-09-30,http://www.newsis.com/view/?id=NISX20210929_0001597368&cID=10201&pID=10200,코로나 확진자
머니S,"푸틴 “측근 30여명 코로나 감염에도 난 멀쩡, 비결은…”",2021-09-30,http://moneys.mt.co.kr/news/mwView.php?no=2021093010328036938,코로나 확진자
뉴시스,"서울시, 모든 건설종사자 코로나19 선제검사한다",2021-09-30,http://www.newsis.com/view/?id=NISX20210930_0001599508&cID=10201&pID=10200,코로나 확진자
뉴스1,"'위드코로나' 싱가포르, 코로나 확진 2478명…열흘 연속 네 자리수",2021-10-01,https://www.news1.kr/articles/?4449044,코로나 확진자
뉴시스,"경남, 밤새 5명 코로나19 확진…어제 하루 68명",2021-09-30,http://www.newsis.com/view/?id=NISX20210930_0001598356&cID=10812&pID=10800,코로나 확진자
서울경제,"[속보] 코로나19 신규 확진자 2,564명···사망자 7명",2021-09-30,https://www.sedaily.com/NewsView/22RNZKSXUR,코로나 확진자
뉴시스,"日, 내일 긴급사태 해제…'위드코로나'로 전환",2021-09-30,http://www.newsis.com/view/?id=NISX20210930_0001598696&cID=10101&pID=10100,코로나 확진자
연합뉴스TV,"코로나19 2,564명 확진…일주일째 '요일 최다'",2021-09-30,http://www.yonhapnewstv.co.kr/MYH20210930006600641/?did=1825m,코로나 확진자
뉴시스,"광주교육청, 공유재산 임차인 코로나19 피해 지원 기간 연장",2021-09-30,http://www.newsis.com/view/?id=NISX20210930_0001598204&cID=10201&pID=10200,코로나 확진자
이데일리,"'역대 두 번째' 확진자 1000명대…오세훈, 의료진 격려",2021-09-30,http://www.edaily.co.kr/news/newspath.asp?newsid=03332486629185040,코로나 확진자
뉴시스,"스웨덴, 코로나19 규제 완전 해제",2021-09-30,http://www.newsis.com/view/?id=NISI20210930_0000837572,코로나 확진자
뉴스1,코로나 신규 확진자 2564명,2021-09-30,https://www.news1.kr/photos/view/?4993776,코로나 확진자
뉴스1,"[인터뷰]여운철 ""2022년은 포스트코로나 준비…경제 회복 정책 추진""",2021-10-01,https://www.news1.kr/articles/?4448616,코로나 확진자
이뉴스투데이,"경북도, 코로나19 신규 확진자 52명 13곳에서 발생",2021-09-30,http://www.enewstoday.co.kr/news/articleView.html?idxno=1515441,코로나 확진자
뉴시스,울산 신규 확진자 26명 추가…총 5164명(종합),2021-09-30,http://www.newsis.com/view/?id=NISX20210929_0001597892&cID=10814&pID=10800,코로나 확진자
헤럴드경제,신규 확진자 2400명대 예상…거리두기 2주 재연장 가닥,2021-09-30,http://news.heraldcorp.com/view.php?ud=20210930000034,코로나 확진자
조선비즈,코로나 재확산·반도체 수급난에 9월 기업 체감경기 악화,2021-09-30,https://biz.chosun.com/policy/policy_sub/2021/09/30/LVVWNHMF5JB7TCL4LRN6G6GZUQ/?utm_source=naver&utm_medium=original&utm_campaign=biz,코로나 확진자
뉴시스,광주 외국인 코로나19 감염 폭증…8월 이후 500명 육박,2021-09-30,http://www.newsis.com/view/?id=NISX20210930_0001599113&cID=10809&pID=10800,코로나 확진자
아이뉴스24,코로나19 신규확진자 2564명…역대 네번째 큰 규모,2021-09-30,http://www.inews24.com/view/1408118,코로나 확진자
KBS,강원 확진자의 65% 백신 미접종자…돌파감염 10%,2021-10-01,https://news.kbs.co.kr/news/view.do?ncd=5291230&ref=A,코로나 확진자
파이낸셜뉴스,"[속보]코로나19 신규확진자 2564명, 86일 연속 네자릿수 확진",2021-09-30,http://www.fnnews.com/news/202109300838378705,코로나 확진자
조선비즈,코로나 신규확진 2885명… 역대 두번째 큰 규모,2021-09-30,https://biz.chosun.com/topics/topics_social/2021/09/29/Z7Y5VOUWYRBVPHKAL4VQAGWGE4/?utm_source=naver&utm_medium=original&utm_campaign=biz,코로나 확진자
뉴시스,"신규 코로나19 확진자 2885명, 가락시장은 누적 746명",2021-09-30,http://www.newsis.com/view/?id=NISI20210929_0017996473,코로나 확진자
조세일보,'위드코로나' 기대감…종합경기지수 2개월 연속 호조,2021-09-29,http://www.joseilbo.com/news/news_read.php?uid=434176&class=1&grp=,코로나 확진자
경향신문,"확진자 다시 급증…오후 6시까지 2038명, 어제보다 427명 많아",2021-09-29,https://www.khan.co.kr/national/health-welfare/article/202109281903001,코로나 확진자
뉴스1,충북서 밤사이 15명 확진…확진자 1명 숨져,2021-09-30,https://www.news1.kr/articles/?4448116,코로나 확진자
뉴시스,"신규 확진자 2885명, 역대 두 번째 규모",2021-09-30,http://www.newsis.com/view/?id=NISI20210929_0017996468,코로나 확진자
YTN,"화이자, 알약 형태 코로나 치료제 2상 임상시험 개시",2021-09-28,https://www.ytn.co.kr/_ln/0104_202109280438394484,코로나 확진자
국제뉴스,[속보]30일 오후 6시 기준 서울 코로나 확진자 405명,2021-09-30,http://www.gukjenews.com/news/articleView.html?idxno=2319201,코로나 확진자
YTN,[자막뉴스] 일본도 결국... '위드 코로나' 전환 이유,17분 전,https://www.ytn.co.kr/_ln/0134_202110010910585121,코로나 확진자
뉴스1,"위드 코로나 조건 '재택치료' 확대…방역현장 ""의료진 확보 걱정""",2021-09-29,https://www.news1.kr/articles/?4446057,코로나 확진자
YTN,"화이자, 알약 형태 코로나 치료제 2상 임상시험 개시",2021-09-28,https://www.ytn.co.kr/_ln/0104_202109280438394484,코로나 확진자
국제뉴스,[속보]30일 오후 6시 기준 서울 코로나 확진자 405명,2021-09-30,http://www.gukjenews.com/news/articleView.html?idxno=2319201,코로나 확진자
YTN,[자막뉴스] 일본도 결국... '위드 코로나' 전환 이유,18분 전,https://www.ytn.co.kr/_ln/0134_202110010910585121,코로나 확진자
뉴스1,"위드 코로나 조건 '재택치료' 확대…방역현장 ""의료진 확보 걱정""",2021-09-29,https://www.news1.kr/articles/?4446057,코로나 확진자
파이낸셜뉴스,신규 확진자 오후 6시 2038명..전일보다 427명↑,2021-09-29,http://www.fnnews.com/news/202109281952585235,코로나 확진자
뉴시스,"'10월 연휴' 확진자 증가 우려…당국 ""단풍철 모임 자제를""",2021-09-30,http://www.newsis.com/view/?id=NISX20210929_0001597368&cID=10201&pID=10200,코로나 확진자
머니S,"푸틴 “측근 30여명 코로나 감염에도 난 멀쩡, 비결은…”",2021-09-30,http://moneys.mt.co.kr/news/mwView.php?no=2021093010328036938,코로나 확진자
경북일보,"TK, 코로나19 확진자 125명…경북 52명·대구 73명",2021-09-30,http://www.kyongbuk.co.kr/news/articleView.html?idxno=2084515,코로나 확진자
더팩트,구치소 확진자 발생…서울중앙지법 또 재판 차질,2021-09-30,http://news.tf.co.kr/read/life/1890839.htm,코로나 확진자
뉴시스,"서울시, 모든 건설종사자 코로나19 선제검사한다",2021-09-30,http://www.newsis.com/view/?id=NISX20210930_0001599508&cID=10201&pID=10200,코로나 확진자
더팩트,구치소 확진자 발생…서울중앙지법 또 재판 차질,2021-09-30,http://news.tf.co.kr/read/life/1890839.htm,코로나 확진자
뉴시스,"서울시, 모든 건설종사자 코로나19 선제검사한다",2021-09-30,http://www.newsis.com/view/?id=NISX20210930_0001599508&cID=10201&pID=10200,코로나 확진자
뉴스1,10월 코로나 확산세 계속될까,2021-09-30,https://www.news1.kr/photos/view/?4993854,코로나 확진자
뉴스1,"'위드코로나' 싱가포르, 코로나 확진 2478명…열흘 연속 네 자리수",2021-10-01,https://www.news1.kr/articles/?4449044,코로나 확진자
뉴시스,"경남, 밤새 5명 코로나19 확진…어제 하루 68명",2021-09-30,http://www.newsis.com/view/?id=NISX20210930_0001598356&cID=10812&pID=10800,코로나 확진자
서울경제,"[속보] 코로나19 신규 확진자 2,564명···사망자 7명",2021-09-30,https://www.sedaily.com/NewsView/22RNZKSXUR,코로나 확진자
뉴시스,"日, 내일 긴급사태 해제…'위드코로나'로 전환",2021-09-30,http://www.newsis.com/view/?id=NISX20210930_0001598696&cID=10101&pID=10100,코로나 확진자
연합뉴스TV,"코로나19 2,564명 확진…일주일째 '요일 최다'",2021-09-30,http://www.yonhapnewstv.co.kr/MYH20210930006600641/?did=1825m,코로나 확진자
뉴스1,충북 신규 감염 39명…60대 확진자 숨져(종합),2021-09-30,https://www.news1.kr/articles/?4448993,코로나 확진자
뉴시스,"광주교육청, 공유재산 임차인 코로나19 피해 지원 기간 연장",2021-09-30,http://www.newsis.com/view/?id=NISX20210930_0001598204&cID=10201&pID=10200,코로나 확진자
뉴스1,충북 신규 감염 39명…60대 확진자 숨져(종합),2021-09-30,https://www.news1.kr/articles/?4448993,코로나 확진자
뉴시스,"광주교육청, 공유재산 임차인 코로나19 피해 지원 기간 연장",2021-09-30,http://www.newsis.com/view/?id=NISX20210930_0001598204&cID=10201&pID=10200,코로나 확진자
이데일리,"'역대 두 번째' 확진자 1000명대…오세훈, 의료진 격려",2021-09-30,http://www.edaily.co.kr/news/newspath.asp?newsid=03332486629185040,코로나 확진자
뉴시스,"스웨덴, 코로나19 규제 완전 해제",2021-09-30,http://www.newsis.com/view/?id=NISI20210930_0000837572,코로나 확진자
뉴스1,코로나 신규 확진자 2564명,2021-09-30,https://www.news1.kr/photos/view/?4993776,코로나 확진자
뉴스1,"[인터뷰]여운철 ""2022년은 포스트코로나 준비…경제 회복 정책 추진""",2021-10-01,https://www.news1.kr/articles/?4448616,코로나 확진자
이뉴스투데이,"경북도, 코로나19 신규 확진자 52명 13곳에서 발생",2021-09-30,http://www.enewstoday.co.kr/news/articleView.html?idxno=1515441,코로나 확진자
뉴스1,양구 육군부대 6명 코로나19 집단 감염…軍 신규확진 11명,2021-09-30,https://www.news1.kr/articles/?4448046,코로나 확진자
뉴시스,울산 신규 확진자 26명 추가…총 5164명(종합),2021-09-30,http://www.newsis.com/view/?id=NISX20210929_0001597892&cID=10814&pID=10800,코로나 확진자
헤럴드경제,신규 확진자 2400명대 예상…거리두기 2주 재연장 가닥,2021-09-30,http://news.heraldcorp.com/view.php?ud=20210930000034,코로나 확진자
프레시안,태백서 코로나19 확진자 무더기 발생…거리두기 3단계 격상,2021-09-30,https://www.pressian.com/pages/articles/2021093017060980582?utm_source=naver&utm_medium=search,코로나 확진자
조선비즈,코로나 재확산·반도체 수급난에 9월 기업 체감경기 악화,2021-09-30,https://biz.chosun.com/policy/policy_sub/2021/09/30/LVVWNHMF5JB7TCL4LRN6G6GZUQ/?utm_source=naver&utm_medium=original&utm_campaign=biz,코로나 확진자
뉴시스,광주 외국인 코로나19 감염 폭증…8월 이후 500명 육박,2021-09-30,http://www.newsis.com/view/?id=NISX20210930_0001599113&cID=10809&pID=10800,코로나 확진자
아이뉴스24,코로나19 신규확진자 2564명…역대 네번째 큰 규모,2021-09-30,http://www.inews24.com/view/1408118,코로나 확진자
강원일보,"당국 ""사적모임 인원 기준 복잡…'위드 코로나' 위해 단순화 필요""",2021-09-30,http://www.kwnews.co.kr/nview.asp?aid=221092900158,코로나 확진자
한국일보,"美 CDC “임신·출산 여성, 코로나19 백신 맞으라” 공식 권고",2021-09-30,https://hankookilbo.com/News/Read/A2021093010550001506?did=NA,코로나 확진자
KBS,강원 확진자의 65% 백신 미접종자…돌파감염 10%,2021-10-01,https://news.kbs.co.kr/news/view.do?ncd=5291230&ref=A,코로나 확진자
국제뉴스,"경북도, '코로나19' 신규확진 60명... 누적확진 8383명",2021-10-01,http://www.gukjenews.com/news/articleView.html?idxno=2319445,코로나 확진자
파이낸셜뉴스,"[속보]코로나19 신규확진자 2564명, 86일 연속 네자릿수 확진",2021-09-30,http://www.fnnews.com/news/202109300838378705,코로나 확진자
MBN,"[속보] 신규확진 2,564명…""손실 보상금·위드 코로나 10월부터""",2021-09-30,http://mbn.mk.co.kr/pages/news/newsView.php?category=mbn00009&news_seq_no=4606299,코로나 확진자
뉴스1,"전주시 “외국인 근로자 여러분, 코로나19 검사 받으세요”",2021-09-30,https://www.news1.kr/articles/?4448007,코로나 확진자
아시아경제,코로나19 확진자 급증…오후 6시까지 2038명 ‘어제보다 427명↑’,2021-09-29,https://view.asiae.co.kr/article/2021092819260253853,코로나 확진자
쿠키뉴스,태백 코로나19 확진자 급증에 거리두기 3단계 격상,2021-09-30,http://www.kukinews.com/newsView/kuk202109300261,코로나 확진자
KBS,확진자의 65% 백신 미접종자…돌파감염 10%,2021-09-30,https://news.kbs.co.kr/news/view.do?ncd=5291087&ref=A,코로나 확진자
조선비즈,"자영업자 86% “거리두기 완화, 큰 도움 안돼… 위드코로나 앞당겨야”",2021-09-30,https://biz.chosun.com/industry/company/2021/09/29/7NUMZ7ZCNJH2ZARCBQHU54ZOGY/?utm_source=naver&utm_medium=original&utm_campaign=biz,코로나 확진자
데일리한국,코로나 신규 확진자 2564명… 역대 네 번째 큰 규모,2021-09-30,https://daily.hankooki.com/lpage/society/202109/dh20210930101315137780.htm?s_ref=nv,코로나 확진자
서울경제,'코로나보다 사람이 먼저다'···벌써나온 '백신패스' 반대 청원,2021-09-30,https://www.sedaily.com/NewsView/22RNYNNQ97,코로나 확진자
시사포커스,구미 유흥주점 감염 확진자 지속 ... 경북 60명 발생,22분 전,http://www.sisafocus.co.kr/news/articleView.html?idxno=266442,코로나 확진자
동아일보,"외국인 확진자 발생률, 내국인의 9배…접종률은 절반 수준",2021-09-29,https://www.donga.com/news/article/all/20210928/109459664/1,코로나 확진자
뉴스핌,오후 6시 기준 신규 확진자 1579명…전날 동시간 대비 90명↓,2021-09-30,http://www.newspim.com/news/view/20210930001137,코로나 확진자
뉴스핌,오후 6시 기준 신규 확진자 1579명…전날 동시간 대비 90명↓,2021-09-30,http://www.newspim.com/news/view/20210930001137,코로나 확진자
노컷뉴스,울산서 코로나19 확진자 25명 추가…누적 5189명(종합),2021-09-30,https://www.nocutnews.co.kr/news/5632528,코로나 확진자
뉴시스,광주 확진자 5000명 넘어…1000명 단위 증가속도↑,2021-09-30,http://www.newsis.com/view/?id=NISX20210930_0001599038&cID=10809&pID=10800,코로나 확진자
뉴시스,부천서 확진자 접촉 등 47명 감염…누적 5443명,2021-09-30,http://www.newsis.com/view/?id=NISX20210929_0001597176&cID=10802&pID=14000,코로나 확진자
뉴시스,"""전북 외국인 코로나19 집단감염 대응전략 수립해야""",2021-09-30,http://www.newsis.com/view/?id=NISX20210930_0001599025&cID=10808&pID=10800,코로나 확진자
시사매거진,[속보]30일 오후 9시 기준 국내 코로나 확진자 2302명 추가,2021-09-30,http://www.sisamagazine.co.kr/news/articleView.html?idxno=404803,코로나 확진자
서울신문,확진자 수요일 최다 2564명… 거리두기 ‘2주 더 연장’ 가닥,11면 1단,https://www.seoul.co.kr/news/newsView.php?id=20211001011009&wlog_tag3=naver,코로나 확진자
충청투데이,외국인 근로자 중심 코로나 확산세 잡는다,2021-09-30,https://www.cctoday.co.kr/news/articleView.html?idxno=2150321,코로나 확진자
파이낸셜뉴스,광주서 하루새 코로나19 확진자 28명 발생...누적확진자 5000명 돌파,40분 전,http://www.fnnews.com/news/202110010819126098,코로나 확진자
동아사이언스,코로나19 신규 확진자 2564명…1주일 연속 '요일 최다',2021-09-30,https://www.dongascience.com/news/view/49564,코로나 확진자
경남도민일보,경남 추가 확진자 74명…전국 2564명,2021-09-30,http://www.idomin.com/news/articleView.html?idxno=773906,코로나 확진자
SBS,퇴근길 코로나 한 줄 뉴스 (9/30),2021-09-30,https://news.sbs.co.kr/news/endPage.do?news_id=N1006482401&plink=ORI&cooper=NAVER,코로나 확진자
한겨레,"화이자, 알약 코로나 바이러스 억제제 임상시험 첫 시작",14면 1단,https://www.hani.co.kr/arti/international/international_general/1012997.html,코로나 확진자
MBN,"""코로나 잡겠다고 사람 외면""…'백신패스' 반대 靑 청원 등장",2021-09-30,http://mbn.mk.co.kr/pages/news/newsView.php?category=mbn00009&news_seq_no=4606253,코로나 확진자
부산일보,김해 13명 등 코로나19 확진 28명 추가…경남도내 하루 67명 감염,2021-09-30,http://www.busan.com/view/busan/view.php?code=2021092917044538157,코로나 확진자
스포츠경향,"코로나19, 30일 오후 6시까지 1579명 신규확진 [종합]",2021-09-30,http://sports.khan.co.kr/news/sk_index.html?art_id=202109301934003&sec_id=560101&pt=nv,코로나 확진자
뉴시스,"전남도, 내일부터 코로나19 백신 미접종자 접종",2021-09-30,http://www.newsis.com/view/?id=NISX20210930_0001599066&cID=10809&pID=10800,코로나 확진자
SBS,[Pick] 헌혈 뒤 확진 334명…'코로나 피' 수혈 모르는 환자들,2021-09-30,https://news.sbs.co.kr/news/endPage.do?news_id=N1006480149&plink=ORI&cooper=NAVER,코로나 확진자
뉴스1,"비강 분무 치료제, 코로나 위중증·사망위험 최대 25% 줄여""",2021-10-01,https://www.news1.kr/articles/?4448974,코로나 확진자
뉴스핌,오후 9시 기준 신규 확진자 2302명...전날 동시간 대비 58명↑,2021-09-30,http://www.newspim.com/news/view/20210930001175,코로나 확진자
중앙일보,"[코로나19] 신규확진 2564명, 1주일 연속 '요일 최다'…전국 확산세",2021-09-30,https://www.joongang.co.kr/article/25011157,코로나 확진자
한겨레,"29일 저녁 6시, 코로나19 확진자 1596명…전날보다 87명 줄어",2021-09-30,https://www.hani.co.kr/arti/area/area_general/1013442.html,코로나 확진자
뉴스1,"미접종자 예약률 6.1%…질병청 ""백신패스, 위드코로나 안전장치""(종합)",2021-09-30,https://www.news1.kr/articles/?4447345,코로나 확진자
뉴시스,코로나19 규제 해제 축하하는 스웨덴 사람들,2021-09-30,http://www.newsis.com/view/?id=NISI20210930_0000837570,코로나 확진자
뉴시스,"美 코로나 확산세 '주춤'…신규 확진, 2주 전比 25%↓",2021-09-30,http://www.newsis.com/view/?id=NISX20210930_0001599620&cID=10101&pID=10100,코로나 확진자
KBS,코로나19 ‘방역 요원’…“물품 수거에 소독까지”,2021-09-30,https://news.kbs.co.kr/news/view.do?ncd=5290884&ref=A,코로나 확진자
KBS,코로나19 박멸 공기정화기?…226억 투자금 가로챈 사기였다,2021-10-01,https://news.kbs.co.kr/news/view.do?ncd=5291317&ref=A,코로나 확진자
조선비즈,"헌혈 후 뒤늦게 코로나 확진, 혈액 44% 수혈… 환자들 사실 몰라",2021-09-29,https://biz.chosun.com/it-science/bio-science/2021/09/28/5TZEDJONDFH6XK6AWKCTOAYCZM/?utm_source=naver&utm_medium=original&utm_campaign=biz,코로나 확진자
파이낸셜뉴스,"화이자, 코로나 알약 치료제 임상시험 시작",2021-09-28,http://www.fnnews.com/news/202109280755593598,코로나 확진자
위클리오늘,"경북도내, 코로나19 확진자 88명 발생",2021-09-30,http://www.weeklytoday.com/news/articleView.html?idxno=409157,코로나 확진자
